economic_gap_rank,source_adjusted_priority_rank,economy_code,economy_name,categories_available,missing_categories,direct_categories_available,direct_real_expenditure_ppp_indicator,direct_expenditure_share_of_participant_indicator,cumulative_direct_expenditure_share_of_incomplete_economies,source_probe_class,source_probe_best_source_id,source_probe_retrieval_status,candidate_success_probability_assumption,integration_cost_assumption,development_priority_score,blocking_reason
1,2,CHN,China,7,CP04|CP06|CP09|CP10|CP12,7,4250477729204.786921129134845,0.1341629915892573582716072229,0.1341629915892573582716072229,D_UNAVAILABLE,CHN_NBS_YEARBOOK_2022_NATIONAL_ACCOUNTS_BRIEF,ACQUIRED_DISCOVERY_EVIDENCE,0.01,HIGH,0.0003354074789731433956790180572,SOURCE_IS_DOCUMENTATION_OR_DISCOVERY_EVIDENCE_ONLY
2,3,IND,India,7,CP04|CP06|CP09|CP10|CP12,7,2738333824243.992325787050947,0.08643335672749392696355897533,0.2205963483167512852351661982,D_UNAVAILABLE,IND_MOSPI_NAS2024_STATEMENT_5_1,ACQUIRED_DATASET,0.01,HIGH,0.0002160833918187348174088974383,Official methodology confirms that PFCE combines resident households and NPISH and that the components are not available separately. Fiscal 2021-22 also differs from calendar 2021.
3,5,RUT,Russian Federation,7,CP04|CP06|CP09|CP10|CP12,7,1132575277205.191168200743713,0.03574884920484193107030646505,0.2563451975215932163054726632,D_UNAVAILABLE,RUT_ROSSTAT_SUT_2021_XLSX,ACCESS_BLOCKED,0.01,HIGH,0.00008937212301210482767576616262,SOURCE_ACQUISITION_FAILED:AcquisitionError
4,4,IDN,Indonesia,7,CP04|CP06|CP09|CP10|CP12,7,1003117027099.082648209895014,0.03166260120480941455370261295,0.2880077987264026308591752762,D_UNAVAILABLE,IDN_BPS_SURVEY_OR_CPI_CLASS_C,ACCESS_BLOCKED,0.01,MEDIUM,0.0001583130060240470727685130648,SOURCE_ACQUISITION_FAILED:AcquisitionError
5,7,BRA,Brazil,7,CP04|CP06|CP09|CP10|CP12,7,925720598025.7769764250136916,0.02921964370112590877578368054,0.3172274424275285396349589567,D_UNAVAILABLE,BRA_IBGE_TABELAS_RECURSOS_USOS,ACQUIRED_DISCOVERY_EVIDENCE,0.01,HIGH,0.00007304910925281477193945920135,SOURCE_IS_DOCUMENTATION_OR_DISCOVERY_EVIDENCE_ONLY
6,10,EGY,"Egypt, Arab Rep.",7,CP04|CP06|CP09|CP10|CP12,7,629709800961.2399224339623290,0.01987629535135610435898149398,0.3371037377788846439939404507,D_UNAVAILABLE,EGY_CAPMAS_HIECS_2021,ACCESS_BLOCKED,0.01,HIGH,0.00004969073837839026089745373495,SOURCE_ACQUISITION_FAILED:AcquisitionError
7,8,PAK,Pakistan,7,CP04|CP06|CP09|CP10|CP12,7,449256141571.9210012761432473,0.01418041730438905360908324479,0.3512841550832736976030236955,D_UNAVAILABLE,PAK_PBS_HIES_2018_19,ACQUIRED_DISCOVERY_EVIDENCE,0.01,MEDIUM,0.00007090208652194526804541622395,SOURCE_IS_DOCUMENTATION_OR_DISCOVERY_EVIDENCE_ONLY
8,1,NGA,Nigeria,7,CP04|CP06|CP09|CP10|CP12,7,359624835881.0402617572469628,0.01135127552841518951587585614,0.3626354306116888871188995516,C_ONLY,NGA_NBS_CONSUMPTION_PATTERN_2019,ACQUIRED_DATASET,0.10,MEDIUM,0.000567563776420759475793792807,Wrong reference year and survey concept; cannot be exact 2021 S14/P31 weights.
9,9,BGD,Bangladesh,7,CP04|CP06|CP09|CP10|CP12,7,337286065279.7556123713034947,0.01064616977719526458030630190,0.3732816003888841516992058535,D_UNAVAILABLE,BGD_BBS_HIES_DOCUMENTATION,ACCESS_BLOCKED,0.01,MEDIUM,0.0000532308488859763229015315095,SOURCE_ACQUISITION_FAILED:AcquisitionError
10,11,VNM,Viet Nam,7,CP04|CP06|CP09|CP10|CP12,7,298220123293.3900523708576038,0.009413083997182544819047086179,0.3826946843860666965182529397,D_UNAVAILABLE,VNM_NSO_VHLSS_2022,ACCESS_BLOCKED,0.01,MEDIUM,0.00004706541998591272409523543090,SOURCE_ACQUISITION_FAILED:AcquisitionError
11,,THA,Thailand,7,CP04|CP06|CP09|CP10|CP12,7,292888938892.9723318218585695,0.009244809348203772996093635716,0.3919394937342704695143465754,NOT_PROBED,,NOT_PROBED,,NOT_ESTIMATED,0.000000000000000000000000000000,NOT_INCLUDED_IN_TOP10_SOURCE_PROBE
12,,ARG,Argentina,7,CP04|CP06|CP09|CP10|CP12,7,286408574700.5688074539740411,0.009040261741550763306085779274,0.4009797554758212328204323547,NOT_PROBED,,NOT_PROBED,,NOT_ESTIMATED,0.000000000000000000000000000000,NOT_INCLUDED_IN_TOP10_SOURCE_PROBE
13,6,SAU,Saudi Arabia,6,CP02|CP04|CP06|CP09|CP10|CP12,6,269946650971.0719492883308040,0.008520654046705440133356107018,0.4095004095225266729537884617,D_UNAVAILABLE,SAU_GASTAT_HOUSEHOLD_EXPENDITURE_SURVEY,CONTENT_VALIDATION_FAILED,0.01,LOW,0.00008520654046705440133356107018,SOURCE_CONTENT_NOT_VALIDATED:INVALID_PDF_SIGNATURE
14,,TWN,"Taiwan, China",7,CP04|CP06|CP09|CP10|CP12,7,259284623873.7688542997019636,0.008184115534351552561058151209,0.4176845250568782255148466129,NOT_PROBED,,NOT_PROBED,,NOT_ESTIMATED,0.000000000000000000000000000000,NOT_INCLUDED_IN_TOP10_SOURCE_PROBE
15,,ZAF,South Africa,7,CP04|CP06|CP09|CP10|CP12,7,214903155003.0327894370825834,0.006783249322558122679968304023,0.4244677743794363481948149169,NOT_PROBED,,NOT_PROBED,,NOT_ESTIMATED,0.000000000000000000000000000000,NOT_INCLUDED_IN_TOP10_SOURCE_PROBE
16,,UKR,Ukraine,7,CP04|CP06|CP09|CP10|CP12,7,176061877333.6825470569358392,0.005557254895281362658260340738,0.4300250292747177108530752576,NOT_PROBED,,NOT_PROBED,,NOT_ESTIMATED,0.000000000000000000000000000000,NOT_INCLUDED_IN_TOP10_SOURCE_PROBE
17,,PER,Peru,7,CP04|CP06|CP09|CP10|CP12,7,142701517368.6635876095416585,0.004504261331134682419254981436,0.4345292906058523932723302390,NOT_PROBED,,NOT_PROBED,,NOT_ESTIMATED,0.000000000000000000000000000000,NOT_INCLUDED_IN_TOP10_SOURCE_PROBE
18,,DZA,Algeria,7,CP04|CP06|CP09|CP10|CP12,7,130467000125.8448909525336795,0.004118088402226289176542593996,0.4386473790080786824488728330,NOT_PROBED,,NOT_PROBED,,NOT_ESTIMATED,0.000000000000000000000000000000,NOT_INCLUDED_IN_TOP10_SOURCE_PROBE
19,,KAZ,Kazakhstan,7,CP04|CP06|CP09|CP10|CP12,7,127230337588.9282687571679173,0.004015925691024682600524173410,0.4426633046991033650493970064,NOT_PROBED,,NOT_PROBED,,NOT_ESTIMATED,0.000000000000000000000000000000,NOT_INCLUDED_IN_TOP10_SOURCE_PROBE
20,,ETH,Ethiopia,7,CP04|CP06|CP09|CP10|CP12,7,126528485694.2582560956960847,0.003993772287139154202159082732,0.4466570769862425192515560891,NOT_PROBED,,NOT_PROBED,,NOT_ESTIMATED,0.000000000000000000000000000000,NOT_INCLUDED_IN_TOP10_SOURCE_PROBE
21,,ARE,United Arab Emirates,7,CP04|CP06|CP09|CP10|CP12,7,89991643109.97046088115389187,0.002840515543631664187074440725,0.4494975925298741834386305298,NOT_PROBED,,NOT_PROBED,,NOT_ESTIMATED,0.000000000000000000000000000000,NOT_INCLUDED_IN_TOP10_SOURCE_PROBE
22,,SDN,Sudan,7,CP04|CP06|CP09|CP10|CP12,7,89065111497.61428397735622200,0.002811270300900095041667897171,0.4523088628307742784802984270,NOT_PROBED,,NOT_PROBED,,NOT_ESTIMATED,0.000000000000000000000000000000,NOT_INCLUDED_IN_TOP10_SOURCE_PROBE
23,,MAR,Morocco,7,CP04|CP06|CP09|CP10|CP12,7,89048082646.57629318403647629,0.002810732798589969515117679909,0.4551195956293642479954161069,NOT_PROBED,,NOT_PROBED,,NOT_ESTIMATED,0.000000000000000000000000000000,NOT_INCLUDED_IN_TOP10_SOURCE_PROBE
24,,LKA,Sri Lanka,7,CP04|CP06|CP09|CP10|CP12,7,67150579318.66701519025146906,0.002119555302323529634041884595,0.4572391509316877776294579915,NOT_PROBED,,NOT_PROBED,,NOT_ESTIMATED,0.000000000000000000000000000000,NOT_INCLUDED_IN_TOP10_SOURCE_PROBE
25,,UZB,Uzbekistan,7,CP04|CP06|CP09|CP10|CP12,7,62166992581.16133680030283265,0.001962252300603438689758064144,0.4592014032322912163192160556,NOT_PROBED,,NOT_PROBED,,NOT_ESTIMATED,0.000000000000000000000000000000,NOT_INCLUDED_IN_TOP10_SOURCE_PROBE
26,,ECU,Ecuador,7,CP04|CP06|CP09|CP10|CP12,7,59807689458.65895186526971409,0.001887782750320671944569734223,0.4610891859826118882637857898,NOT_PROBED,,NOT_PROBED,,NOT_ESTIMATED,0.000000000000000000000000000000,NOT_INCLUDED_IN_TOP10_SOURCE_PROBE
27,,SGP,Singapore,7,CP04|CP06|CP09|CP10|CP12,7,58073503006.40265750981604918,0.001833044516825258751074217330,0.4629222304994371470148600071,NOT_PROBED,,NOT_PROBED,,NOT_ESTIMATED,0.000000000000000000000000000000,NOT_INCLUDED_IN_TOP10_SOURCE_PROBE
28,,GHA,Ghana,7,CP04|CP06|CP09|CP10|CP12,7,56860388067.20592436610465214,0.001794753496438074348497605727,0.4647169839958752213633576128,NOT_PROBED,,NOT_PROBED,,NOT_ESTIMATED,0.000000000000000000000000000000,NOT_INCLUDED_IN_TOP10_SOURCE_PROBE
29,,TUN,Tunisia,7,CP04|CP06|CP09|CP10|CP12,7,55329388437.53034289390333245,0.001746428695433235374534781464,0.4664634126913084567378923943,NOT_PROBED,,NOT_PROBED,,NOT_ESTIMATED,0.000000000000000000000000000000,NOT_INCLUDED_IN_TOP10_SOURCE_PROBE
30,,DOM,Dominican Republic,7,CP04|CP06|CP09|CP10|CP12,7,52469402816.97217305259265074,0.001656155495289182589134773061,0.4681195681865976393270271674,NOT_PROBED,,NOT_PROBED,,NOT_ESTIMATED,0.000000000000000000000000000000,NOT_INCLUDED_IN_TOP10_SOURCE_PROBE
31,,CIV,Cote d'Ivoire,7,CP04|CP06|CP09|CP10|CP12,7,51577972692.65827461358995853,0.001628018203462197451619749463,0.4697475863900598367786469169,NOT_PROBED,,NOT_PROBED,,NOT_ESTIMATED,0.000000000000000000000000000000,NOT_INCLUDED_IN_TOP10_SOURCE_PROBE
32,,AGO,Angola,7,CP04|CP06|CP09|CP10|CP12,7,47481858795.28486483543694601,0.001498727585001584426639446903,0.4712463139750614212052863638,NOT_PROBED,,NOT_PROBED,,NOT_ESTIMATED,0.000000000000000000000000000000,NOT_INCLUDED_IN_TOP10_SOURCE_PROBE
33,,NPL,Nepal,7,CP04|CP06|CP09|CP10|CP12,7,45574733324.21191778977205580,0.001438530667187574929838396864,0.4726848446422489961351247607,NOT_PROBED,,NOT_PROBED,,NOT_ESTIMATED,0.000000000000000000000000000000,NOT_INCLUDED_IN_TOP10_SOURCE_PROBE
34,12,BLR,Belarus,11,CP02,6,45339107231.88508784800514865,0.001431093314622274383428458494,0.4741159379568712705185532192,D_UNAVAILABLE,BLR_BELSTAT_LIVING_STANDARDS,ACQUIRED_DOCUMENTATION_EVIDENCE,0.01,LOW,0.00001431093314622274383428458494,Survey detail cannot replace exact national-accounts S14/P31 CP02 weights.
35,,TZA,Tanzania,7,CP04|CP06|CP09|CP10|CP12,7,40770472129.04633605884418737,0.001286887935385711394552716424,0.4754028258922569819131059356,NOT_PROBED,,NOT_PROBED,,NOT_ESTIMATED,0.000000000000000000000000000000,NOT_INCLUDED_IN_TOP10_SOURCE_PROBE
36,,OMN,Oman,7,CP04|CP06|CP09|CP10|CP12,7,37453443851.48041182517337545,0.001182188542692348373112071438,0.4765850144349493302862180070,NOT_PROBED,,NOT_PROBED,,NOT_ESTIMATED,0.000000000000000000000000000000,NOT_INCLUDED_IN_TOP10_SOURCE_PROBE
37,,CMR,Cameroon,7,CP04|CP06|CP09|CP10|CP12,7,36668701590.85407781615404666,0.001157418769499855278214912137,0.4777424332044491855644329191,NOT_PROBED,,NOT_PROBED,,NOT_ESTIMATED,0.000000000000000000000000000000,NOT_INCLUDED_IN_TOP10_SOURCE_PROBE
38,,BOL,Bolivia,7,CP04|CP06|CP09|CP10|CP12,7,35036789645.48932910897901377,0.001105908750497511079324344673,0.4788483419549466966437572638,NOT_PROBED,,NOT_PROBED,,NOT_ESTIMATED,0.000000000000000000000000000000,NOT_INCLUDED_IN_TOP10_SOURCE_PROBE
39,,COD,"Congo, Dem. Rep.",7,CP04|CP06|CP09|CP10|CP12,7,32557683959.69933771194992323,0.001027657726386452168122244045,0.4798759996813331488118795078,NOT_PROBED,,NOT_PROBED,,NOT_ESTIMATED,0.000000000000000000000000000000,NOT_INCLUDED_IN_TOP10_SOURCE_PROBE
40,,PRY,Paraguay,7,CP04|CP06|CP09|CP10|CP12,7,29108874325.78196144998588348,0.0009187987586687756952889668632,0.4807947984400019245071684747,NOT_PROBED,,NOT_PROBED,,NOT_ESTIMATED,0.0000000000000000000000000000000,NOT_INCLUDED_IN_TOP10_SOURCE_PROBE
41,,JOR,Jordan,7,CP04|CP06|CP09|CP10|CP12,7,28799088145.35348154355909859,0.0009090206011610383165836872495,0.4817038190411629628237521619,NOT_PROBED,,NOT_PROBED,,NOT_ESTIMATED,0.0000000000000000000000000000000,NOT_INCLUDED_IN_TOP10_SOURCE_PROBE
42,,UGA,Uganda,7,CP04|CP06|CP09|CP10|CP12,7,28514023860.46448113551072057,0.0009000227708717085057619743743,0.4826038418120346713295141363,NOT_PROBED,,NOT_PROBED,,NOT_ESTIMATED,0.0000000000000000000000000000000,NOT_INCLUDED_IN_TOP10_SOURCE_PROBE
43,,SYR,Syrian Arab Republic,7,CP04|CP06|CP09|CP10|CP12,7,27850717311.23258260650390716,0.0008790860205449757735630527296,0.4834829278325796471030771890,NOT_PROBED,,NOT_PROBED,,NOT_ESTIMATED,0.0000000000000000000000000000000,NOT_INCLUDED_IN_TOP10_SOURCE_PROBE
44,,PAN,Panama,7,CP04|CP06|CP09|CP10|CP12,7,26978658971.07781507020310005,0.0008515601838721614180136063840,0.4843344880164518085210907954,NOT_PROBED,,NOT_PROBED,,NOT_ESTIMATED,0.0000000000000000000000000000000,NOT_INCLUDED_IN_TOP10_SOURCE_PROBE
45,,URY,Uruguay,7,CP04|CP06|CP09|CP10|CP12,7,25536818497.61359564825784870,0.0008060496216157579450082004519,0.4851405376380675664660989959,NOT_PROBED,,NOT_PROBED,,NOT_ESTIMATED,0.0000000000000000000000000000000,NOT_INCLUDED_IN_TOP10_SOURCE_PROBE
46,13,KWT,Kuwait,6,CP02|CP04|CP06|CP09|CP10|CP12,6,25309990845.74078120040385573,0.0007988899849139049423380961145,0.4859394276229814714084370920,D_UNAVAILABLE,KWT_CSB_HIES_2019_2021,CONTENT_VALIDATION_FAILED,0.01,LOW,0.000007988899849139049423380961145,SOURCE_CONTENT_NOT_VALIDATED:INVALID_PDF_SIGNATURE
47,,SLV,El Salvador,7,CP04|CP06|CP09|CP10|CP12,7,24635959304.07904709279989870,0.0007776147086235440981896711587,0.4867170423316050155066267632,NOT_PROBED,,NOT_PROBED,,NOT_ESTIMATED,0.0000000000000000000000000000000,NOT_INCLUDED_IN_TOP10_SOURCE_PROBE
48,,QAT,Qatar,7,CP04|CP06|CP09|CP10|CP12,7,23930106731.11729749410523558,0.0007553350264695006815526983789,0.4874723773580745161881794616,NOT_PROBED,,NOT_PROBED,,NOT_ESTIMATED,0.0000000000000000000000000000000,NOT_INCLUDED_IN_TOP10_SOURCE_PROBE
49,,MLI,Mali,7,CP04|CP06|CP09|CP10|CP12,7,21717318906.75163392813884239,0.0006854901165128207778560437957,0.4881578674745873369660355054,NOT_PROBED,,NOT_PROBED,,NOT_ESTIMATED,0.0000000000000000000000000000000,NOT_INCLUDED_IN_TOP10_SOURCE_PROBE
50,,SEN,Senegal,7,CP04|CP06|CP09|CP10|CP12,7,20964950585.29254061027715771,0.0006617422012866363870472383035,0.4888196096758739733530827437,NOT_PROBED,,NOT_PROBED,,NOT_ESTIMATED,0.0000000000000000000000000000000,NOT_INCLUDED_IN_TOP10_SOURCE_PROBE
51,,KHM,Cambodia,7,CP04|CP06|CP09|CP10|CP12,7,20535983135.82073520054989738,0.0006482021806155203872170008066,0.4894678118564894937402997445,NOT_PROBED,,NOT_PROBED,,NOT_ESTIMATED,0.0000000000000000000000000000000,NOT_INCLUDED_IN_TOP10_SOURCE_PROBE
52,,GIN,Guinea,7,CP04|CP06|CP09|CP10|CP12,7,18958086145.75712273946085789,0.0005983971012588936697461690502,0.4900662089577483874100459136,NOT_PROBED,,NOT_PROBED,,NOT_ESTIMATED,0.0000000000000000000000000000000,NOT_INCLUDED_IN_TOP10_SOURCE_PROBE
53,,GEO,Georgia,7,CP04|CP06|CP09|CP10|CP12,7,18059743590.40463165745781027,0.0005700416239745610048044199784,0.4906362505817229484148503336,NOT_PROBED,,NOT_PROBED,,NOT_ESTIMATED,0.0000000000000000000000000000000,NOT_INCLUDED_IN_TOP10_SOURCE_PROBE
54,,MDG,Madagascar,7,CP04|CP06|CP09|CP10|CP12,7,16885932100.03063740682361638,0.0005329911860841634875359641726,0.4911692417678071119023862978,NOT_PROBED,,NOT_PROBED,,NOT_ESTIMATED,0.0000000000000000000000000000000,NOT_INCLUDED_IN_TOP10_SOURCE_PROBE
55,,LBN,Lebanon,7,CP04|CP06|CP09|CP10|CP12,7,16244398069.09518695861322153,0.0005127416681993308360689478595,0.4916819834360064427384552457,NOT_PROBED,,NOT_PROBED,,NOT_ESTIMATED,0.0000000000000000000000000000000,NOT_INCLUDED_IN_TOP10_SOURCE_PROBE
56,,SOM,Somalia,7,CP04|CP06|CP09|CP10|CP12,7,14924463654.74907197082629624,0.0004710789749652176248366785323,0.4921530624109716603632919242,NOT_PROBED,,NOT_PROBED,,NOT_ESTIMATED,0.0000000000000000000000000000000,NOT_INCLUDED_IN_TOP10_SOURCE_PROBE
57,,MOZ,Mozambique,7,CP04|CP06|CP09|CP10|CP12,7,13763457213.84251484862367785,0.0004344327184053552053622364594,0.4925874951293770155686541607,NOT_PROBED,,NOT_PROBED,,NOT_ESTIMATED,0.0000000000000000000000000000000,NOT_INCLUDED_IN_TOP10_SOURCE_PROBE
58,,MDA,Moldova,7,CP04|CP06|CP09|CP10|CP12,7,13634432314.21149569119208696,0.0004303601487727553990614959048,0.4930178552781497709677156566,NOT_PROBED,,NOT_PROBED,,NOT_ESTIMATED,0.0000000000000000000000000000000,NOT_INCLUDED_IN_TOP10_SOURCE_PROBE
59,,BEN,Benin,7,CP04|CP06|CP09|CP10|CP12,7,13087552962.53069752392775306,0.0004130983315055428816797887849,0.4934309536096553138493954454,NOT_PROBED,,NOT_PROBED,,NOT_ESTIMATED,0.0000000000000000000000000000000,NOT_INCLUDED_IN_TOP10_SOURCE_PROBE
60,,ZWE,Zimbabwe,7,CP04|CP06|CP09|CP10|CP12,7,13068407976.99584264560265368,0.0004124940350718406556349417853,0.4938434476447271545050303872,NOT_PROBED,,NOT_PROBED,,NOT_ESTIMATED,0.0000000000000000000000000000000,NOT_INCLUDED_IN_TOP10_SOURCE_PROBE
61,,NIC,Nicaragua,7,CP04|CP06|CP09|CP10|CP12,7,12324123104.10631251686624068,0.0003890012675517597378960464161,0.4942324489122789142429264336,NOT_PROBED,,NOT_PROBED,,NOT_ESTIMATED,0.0000000000000000000000000000000,NOT_INCLUDED_IN_TOP10_SOURCE_PROBE
62,,NER,Niger,7,CP04|CP06|CP09|CP10|CP12,7,12088259757.41423631525595283,0.0003815564262387378844736873705,0.4946140053385176521274001210,NOT_PROBED,,NOT_PROBED,,NOT_ESTIMATED,0.0000000000000000000000000000000,NOT_INCLUDED_IN_TOP10_SOURCE_PROBE
63,,ARM,Armenia,7,CP04|CP06|CP09|CP10|CP12,7,12078781342.08097082766422646,0.0003812572475022163555309954407,0.4949952625860198684829311164,NOT_PROBED,,NOT_PROBED,,NOT_ESTIMATED,0.0000000000000000000000000000000,NOT_INCLUDED_IN_TOP10_SOURCE_PROBE
64,,JAM,Jamaica,7,CP04|CP06|CP09|CP10|CP12,7,12069949916.42268116632239885,0.0003809784904866994341689022000,0.4953762410765065679171000186,NOT_PROBED,,NOT_PROBED,,NOT_ESTIMATED,0.0000000000000000000000000000000,NOT_INCLUDED_IN_TOP10_SOURCE_PROBE
65,,LAO,Lao PDR,7,CP04|CP06|CP09|CP10|CP12,7,11778977983.18783578580692683,0.0003717941899166550428728638718,0.4957480352664232229599728825,NOT_PROBED,,NOT_PROBED,,NOT_ESTIMATED,0.0000000000000000000000000000000,NOT_INCLUDED_IN_TOP10_SOURCE_PROBE
66,,ALB,Albania,7,CP04|CP06|CP09|CP10|CP12,7,11630422124.97936701139601377,0.0003671051409143711283156056982,0.4961151404073375940882884882,NOT_PROBED,,NOT_PROBED,,NOT_ESTIMATED,0.0000000000000000000000000000000,NOT_INCLUDED_IN_TOP10_SOURCE_PROBE
67,,PSE,West Bank and Gaza,7,CP04|CP06|CP09|CP10|CP12,7,11423307607.76649393779234016,0.0003605677338271817972122934707,0.4964757081411647758855007817,NOT_PROBED,,NOT_PROBED,,NOT_ESTIMATED,0.0000000000000000000000000000000,NOT_INCLUDED_IN_TOP10_SOURCE_PROBE
68,,TCD,Chad,7,CP04|CP06|CP09|CP10|CP12,7,11284565314.53162130435365930,0.0003561884422966208395150521650,0.4968318965834613967250158339,NOT_PROBED,,NOT_PROBED,,NOT_ESTIMATED,0.0000000000000000000000000000000,NOT_INCLUDED_IN_TOP10_SOURCE_PROBE
69,,ZMB,Zambia,7,CP04|CP06|CP09|CP10|CP12,7,10819903371.36898413642735073,0.0003415217529633161772657784147,0.4971734183364247129022816123,NOT_PROBED,,NOT_PROBED,,NOT_ESTIMATED,0.0000000000000000000000000000000,NOT_INCLUDED_IN_TOP10_SOURCE_PROBE
70,,RWA,Rwanda,7,CP04|CP06|CP09|CP10|CP12,7,10802138677.55382088990314125,0.0003409610243537922361583453299,0.4975143793607785051384399576,NOT_PROBED,,NOT_PROBED,,NOT_ESTIMATED,0.0000000000000000000000000000000,NOT_INCLUDED_IN_TOP10_SOURCE_PROBE
71,,BHR,Bahrain,7,CP04|CP06|CP09|CP10|CP12,7,10564356385.44779354939700706,0.0003334556130357417158318541890,0.4978478349738142468542718118,NOT_PROBED,,NOT_PROBED,,NOT_ESTIMATED,0.0000000000000000000000000000000,NOT_INCLUDED_IN_TOP10_SOURCE_PROBE
72,,SSD,South Sudan,7,CP04|CP06|CP09|CP10|CP12,7,10210385762.24598551202974628,0.0003222828082902494679061206131,0.4981701177821044963221779324,NOT_PROBED,,NOT_PROBED,,NOT_ESTIMATED,0.0000000000000000000000000000000,NOT_INCLUDED_IN_TOP10_SOURCE_PROBE
73,,TJK,Tajikistan,7,CP04|CP06|CP09|CP10|CP12,7,9786142989.743866530398258244,0.0003088919183373561909821084095,0.4984790097004418525131600408,NOT_PROBED,,NOT_PROBED,,NOT_ESTIMATED,0.0000000000000000000000000000000,NOT_INCLUDED_IN_TOP10_SOURCE_PROBE
74,,MKD,North Macedonia,7,CP04|CP06|CP09|CP10|CP12,7,9286097312.787637077641900480,0.0002931083692339770753455093658,0.4987721180696758295885055502,NOT_PROBED,,NOT_PROBED,,NOT_ESTIMATED,0.0000000000000000000000000000000,NOT_INCLUDED_IN_TOP10_SOURCE_PROBE
75,,XKX,Kosovo,7,CP04|CP06|CP09|CP10|CP12,7,8872739973.587076486319708527,0.0002800610694348323813272569764,0.4990521791391106619698328072,NOT_PROBED,,NOT_PROBED,,NOT_ESTIMATED,0.0000000000000000000000000000000,NOT_INCLUDED_IN_TOP10_SOURCE_PROBE
76,,NAM,Namibia,7,CP04|CP06|CP09|CP10|CP12,7,8562278040.191888743704447733,0.0002702615823153749099912608896,0.4993224407214260368798240681,NOT_PROBED,,NOT_PROBED,,NOT_ESTIMATED,0.0000000000000000000000000000000,NOT_INCLUDED_IN_TOP10_SOURCE_PROBE
77,,TTO,Trinidad and Tobago,7,CP04|CP06|CP09|CP10|CP12,7,8542632364.164685860642878573,0.0002696414819794778419668789961,0.4995920822034055147217909471,NOT_PROBED,,NOT_PROBED,,NOT_ESTIMATED,0.0000000000000000000000000000000,NOT_INCLUDED_IN_TOP10_SOURCE_PROBE
78,,MUS,Mauritius,7,CP04|CP06|CP09|CP10|CP12,7,8410304473.781326704764770520,0.0002654646560376446516751354573,0.4998575468594431593734660826,NOT_PROBED,,NOT_PROBED,,NOT_ESTIMATED,0.0000000000000000000000000000000,NOT_INCLUDED_IN_TOP10_SOURCE_PROBE
79,,BWA,Botswana,7,CP04|CP06|CP09|CP10|CP12,7,8071025496.462943014697227375,0.0002547555815569993560399991085,0.5001123024410001587295060817,NOT_PROBED,,NOT_PROBED,,NOT_ESTIMATED,0.0000000000000000000000000000000,NOT_INCLUDED_IN_TOP10_SOURCE_PROBE
80,,TGO,Togo,7,CP04|CP06|CP09|CP10|CP12,7,7400258407.686903592990520143,0.0002335833451583753218444548320,0.5003458857861585340513505365,NOT_PROBED,,NOT_PROBED,,NOT_ESTIMATED,0.0000000000000000000000000000000,NOT_INCLUDED_IN_TOP10_SOURCE_PROBE
81,,MWI,Malawi,7,CP04|CP06|CP09|CP10|CP12,7,7161809949.339667236736746845,0.0002260569068260665493461350714,0.5005719426929846006006966716,NOT_PROBED,,NOT_PROBED,,NOT_ESTIMATED,0.0000000000000000000000000000000,NOT_INCLUDED_IN_TOP10_SOURCE_PROBE
82,,COG,"Congo, Rep.",7,CP04|CP06|CP09|CP10|CP12,7,7047366054.954332371590762175,0.0002224445751734703805160144440,0.5007943872681580709812126860,NOT_PROBED,,NOT_PROBED,,NOT_ESTIMATED,0.0000000000000000000000000000000,NOT_INCLUDED_IN_TOP10_SOURCE_PROBE
83,,GAB,Gabon,7,CP04|CP06|CP09|CP10|CP12,7,5990348642.102381907054175024,0.0001890806506207622236338299544,0.5009834679187788332048465160,NOT_PROBED,,NOT_PROBED,,NOT_ESTIMATED,0.0000000000000000000000000000000,NOT_INCLUDED_IN_TOP10_SOURCE_PROBE
84,,SLE,Sierra Leone,7,CP04|CP06|CP09|CP10|CP12,7,5775256875.620372508466183476,0.0001822914479249882600124223428,0.5011657593667038214648589383,NOT_PROBED,,NOT_PROBED,,NOT_ESTIMATED,0.0000000000000000000000000000000,NOT_INCLUDED_IN_TOP10_SOURCE_PROBE
85,,MRT,Mauritania,7,CP04|CP06|CP09|CP10|CP12,7,5763011958.479059982185207376,0.0001819049467314510298990754357,0.5013476643134352724947580137,NOT_PROBED,,NOT_PROBED,,NOT_ESTIMATED,0.0000000000000000000000000000000,NOT_INCLUDED_IN_TOP10_SOURCE_PROBE
86,,GNQ,Equatorial Guinea,7,CP04|CP06|CP09|CP10|CP12,7,5687958582.198149760408469645,0.0001795359458491419755993924423,0.5015272002592844144703574061,NOT_PROBED,,NOT_PROBED,,NOT_ESTIMATED,0.0000000000000000000000000000000,NOT_INCLUDED_IN_TOP10_SOURCE_PROBE
87,,GUY,Guyana,7,CP04|CP06|CP09|CP10|CP12,7,3962983697.308909988625080563,0.0001250884682437546391607063805,0.5016522887275281691095181125,NOT_PROBED,,NOT_PROBED,,NOT_ESTIMATED,0.0000000000000000000000000000000,NOT_INCLUDED_IN_TOP10_SOURCE_PROBE
88,14,LBR,Liberia,7,CP04|CP06|CP09|CP10|CP12,7,3707060091.091906165386617761,0.0001170104405923056691309787003,0.5017692991681204747786490912,D_UNAVAILABLE,LBR_LISGIS_HIES_PORTAL,CONTENT_VALIDATION_FAILED,0.01,LOW,0.000001170104405923056691309787003,SOURCE_CONTENT_NOT_VALIDATED:INVALID_PDF_SIGNATURE
89,,BDI,Burundi,7,CP04|CP06|CP09|CP10|CP12,7,3590470495.747609144119981852,0.0001133303815739754469461770189,0.5018826295496944502255952682,NOT_PROBED,,NOT_PROBED,,NOT_ESTIMATED,0.0000000000000000000000000000000,NOT_INCLUDED_IN_TOP10_SOURCE_PROBE
90,,FJI,Fiji,7,CP04|CP06|CP09|CP10|CP12,7,3252058156.213186348503367192,0.0001026486618344035108379938172,0.5019852782115288537364332620,NOT_PROBED,,NOT_PROBED,,NOT_ESTIMATED,0.0000000000000000000000000000000,NOT_INCLUDED_IN_TOP10_SOURCE_PROBE
91,,BRN,Brunei Darussalam,7,CP04|CP06|CP09|CP10|CP12,7,2965610066.116072572170224777,0.00009360715282039255264544205181,0.5020788853643492462890787041,NOT_PROBED,,NOT_PROBED,,NOT_ESTIMATED,0.00000000000000000000000000000000,NOT_INCLUDED_IN_TOP10_SOURCE_PROBE
92,,GMB,"Gambia, The",7,CP04|CP06|CP09|CP10|CP12,7,2840957902.065325546461289800,0.00008967260515244090679366086367,0.5021685579695016871958723650,NOT_PROBED,,NOT_PROBED,,NOT_ESTIMATED,0.00000000000000000000000000000000,NOT_INCLUDED_IN_TOP10_SOURCE_PROBE
93,,CAF,Central African Republic,7,CP04|CP06|CP09|CP10|CP12,7,2279758966.622866955540294028,0.00007195880146907164856187293432,0.5022405167709707588444342379,NOT_PROBED,,NOT_PROBED,,NOT_ESTIMATED,0.00000000000000000000000000000000,NOT_INCLUDED_IN_TOP10_SOURCE_PROBE
94,,LSO,Lesotho,7,CP04|CP06|CP09|CP10|CP12,7,2089022178.721969903781858435,0.00006593834454605712381652206858,0.5023064551155168159682507600,NOT_PROBED,,NOT_PROBED,,NOT_ESTIMATED,0.00000000000000000000000000000000,NOT_INCLUDED_IN_TOP10_SOURCE_PROBE
95,,DJI,Djibouti,7,CP04|CP06|CP09|CP10|CP12,7,1939138916.141754647832255302,0.00006120739706719996889859359882,0.5023676625125840159371493536,NOT_PROBED,,NOT_PROBED,,NOT_ESTIMATED,0.00000000000000000000000000000000,NOT_INCLUDED_IN_TOP10_SOURCE_PROBE
96,,MDV,Maldives,7,CP04|CP06|CP09|CP10|CP12,7,1795273196.064940700862152451,0.00005666638859183992687216471303,0.5024243289011758558640215183,NOT_PROBED,,NOT_PROBED,,NOT_ESTIMATED,0.00000000000000000000000000000000,NOT_INCLUDED_IN_TOP10_SOURCE_PROBE
97,,SUR,Suriname,7,CP04|CP06|CP09|CP10|CP12,7,1696650111.507739937627326655,0.00005355342837726427964709955845,0.5024778823295531201436686179,NOT_PROBED,,NOT_PROBED,,NOT_ESTIMATED,0.00000000000000000000000000000000,NOT_INCLUDED_IN_TOP10_SOURCE_PROBE
98,,GNB,Guinea-Bissau,7,CP04|CP06|CP09|CP10|CP12,7,1535481583.105453960905280205,0.00004846627034514014621265200441,0.5025263485998982602898812699,NOT_PROBED,,NOT_PROBED,,NOT_ESTIMATED,0.00000000000000000000000000000000,NOT_INCLUDED_IN_TOP10_SOURCE_PROBE
99,,CUW,Curacao,7,CP04|CP06|CP09|CP10|CP12,7,1236713762.557712573439830022,0.00003903589871423489868206653527,0.5025653844986124951885633364,NOT_PROBED,,NOT_PROBED,,NOT_ESTIMATED,0.00000000000000000000000000000000,NOT_INCLUDED_IN_TOP10_SOURCE_PROBE
100,,CPV,Cabo Verde,7,CP04|CP06|CP09|CP10|CP12,7,1155099040.312826441126074031,0.00003645979409924876495302229401,0.5026018442927117439535163587,NOT_PROBED,,NOT_PROBED,,NOT_ESTIMATED,0.00000000000000000000000000000000,NOT_INCLUDED_IN_TOP10_SOURCE_PROBE
101,,BLZ,Belize,7,CP04|CP06|CP09|CP10|CP12,7,1038508200.375379626916625783,0.00003277969579631315819712159757,0.5026346239885080571117134803,NOT_PROBED,,NOT_PROBED,,NOT_ESTIMATED,0.00000000000000000000000000000000,NOT_INCLUDED_IN_TOP10_SOURCE_PROBE
102,,COM,Comoros,7,CP04|CP06|CP09|CP10|CP12,7,963667500.7107102241110223038,0.00003041740788437915088123951288,0.5026650413963924362625947198,NOT_PROBED,,NOT_PROBED,,NOT_ESTIMATED,0.00000000000000000000000000000000,NOT_INCLUDED_IN_TOP10_SOURCE_PROBE
103,,ABW,Aruba,7,CP04|CP06|CP09|CP10|CP12,7,771046117.5080033514455657040,0.00002433746519065029073860741928,0.5026893788615830865533333272,NOT_PROBED,,NOT_PROBED,,NOT_ESTIMATED,0.00000000000000000000000000000000,NOT_INCLUDED_IN_TOP10_SOURCE_PROBE
104,,SYC,Seychelles,7,CP04|CP06|CP09|CP10|CP12,7,685040805.1074558153527056971,0.00002162277504536517057142515955,0.5027110016366284517239047524,NOT_PROBED,,NOT_PROBED,,NOT_ESTIMATED,0.00000000000000000000000000000000,NOT_INCLUDED_IN_TOP10_SOURCE_PROBE
105,,LCA,St. Lucia,7,CP04|CP06|CP09|CP10|CP12,7,656817190.1031259669541832835,0.00002073191880197702705415877262,0.5027317335554304287509589112,NOT_PROBED,,NOT_PROBED,,NOT_ESTIMATED,0.00000000000000000000000000000000,NOT_INCLUDED_IN_TOP10_SOURCE_PROBE
106,,GRD,Grenada,7,CP04|CP06|CP09|CP10|CP12,7,621479471.1210234431256103700,0.00001961651145329146000563509668,0.5027513500668837202109645463,NOT_PROBED,,NOT_PROBED,,NOT_ESTIMATED,0.00000000000000000000000000000000,NOT_INCLUDED_IN_TOP10_SOURCE_PROBE
107,,ATG,Antigua and Barbuda,7,CP04|CP06|CP09|CP10|CP12,7,457497674.6069755487743143732,0.00001444055482250080588064687000,0.5027657906217062210168451932,NOT_PROBED,,NOT_PROBED,,NOT_ESTIMATED,0.00000000000000000000000000000000,NOT_INCLUDED_IN_TOP10_SOURCE_PROBE
108,,VCT,St. Vincent and the Grenadines,7,CP04|CP06|CP09|CP10|CP12,7,403047934.7389745317953787645,0.00001272189154336992686299107361,0.5027785125132495909437081843,NOT_PROBED,,NOT_PROBED,,NOT_ESTIMATED,0.00000000000000000000000000000000,NOT_INCLUDED_IN_TOP10_SOURCE_PROBE
109,,STP,Sao Tome and Principe,7,CP04|CP06|CP09|CP10|CP12,7,393062098.1451078315051020894,0.00001240669645323936788797778146,0.5027909192097028303115961621,NOT_PROBED,,NOT_PROBED,,NOT_ESTIMATED,0.00000000000000000000000000000000,NOT_INCLUDED_IN_TOP10_SOURCE_PROBE
110,,VGB,British Virgin Islands,7,CP04|CP06|CP09|CP10|CP12,7,344808215.2868965412174632888,0.00001088360053496798879080503156,0.5028018028102377983003869671,NOT_PROBED,,NOT_PROBED,,NOT_ESTIMATED,0.00000000000000000000000000000000,NOT_INCLUDED_IN_TOP10_SOURCE_PROBE
111,,KNA,St. Kitts and Nevis,7,CP04|CP06|CP09|CP10|CP12,7,338038666.0724561842125872182,0.00001066992503019362477367991603,0.5028124727352679919251606470,NOT_PROBED,,NOT_PROBED,,NOT_ESTIMATED,0.00000000000000000000000000000000,NOT_INCLUDED_IN_TOP10_SOURCE_PROBE
112,,DMA,Dominica,7,CP04|CP06|CP09|CP10|CP12,7,329765065.0529041667947782232,0.00001040877531133444653984592361,0.5028228815105793263717004929,NOT_PROBED,,NOT_PROBED,,NOT_ESTIMATED,0.00000000000000000000000000000000,NOT_INCLUDED_IN_TOP10_SOURCE_PROBE
113,,AIA,Anguilla,7,CP04|CP06|CP09|CP10|CP12,7,174325622.8991362026769763536,0.000005502451387548966550014797928,0.5028283839619668753382505077,NOT_PROBED,,NOT_PROBED,,NOT_ESTIMATED,0.000000000000000000000000000000000,NOT_INCLUDED_IN_TOP10_SOURCE_PROBE
114,15,BON,Bonaire,0,CP01|CP02|CP03|CP04|CP05|CP06|CP07|CP08|CP09|CP10|CP11|CP12,0,0,0,0.5028283839619668753382505077,D_UNAVAILABLE,BON_CBS_CPI_WEIGHTS,CONTENT_VALIDATION_FAILED,0.01,LOW,0,SOURCE_CONTENT_NOT_VALIDATED:INVALID_PDF_SIGNATURE
